key,label,patternCount,outcome,distance,states,edges,wins,losses,draws,drawPercent,terminals,stalemates,maximumDistance,winnerTurns,uniqueWinningChoices,winningChoiceFraction
proper/original,Original family game,20,win,89,5527111,84458408,3181193,1016545,1329373,24.051860004259005,18220,0,108,45,10,0.2989967040947433
proper/only-K,Only squares,4,draw,,5541717,84879568,217586,18210,5305921,95.74507323271831,3680,0,9,0,0,
proper/only-C,Only crowns,4,draw,,5541783,84879048,261540,19766,5260477,94.92390806352395,3636,0,9,0,0,
proper/only-KC,Only squares + crowns,8,draw,,5538079,84774200,474114,40456,5023509,90.70851101979585,7308,0,19,0,0,
proper/only-S,Only axes,4,draw,,5541729,84879240,277138,19594,5244997,94.64549782206961,3680,0,11,0,0,
proper/only-KS,Only squares + axes,8,draw,,5538025,84774392,511962,44180,4981883,89.95775569810537,7344,0,15,0,0,
proper/only-CS,Only crowns + axes,8,draw,,5538091,84773872,651876,60906,4825309,87.12946392538512,7308,0,21,0,0,
proper/only-KCS,Only squares + crowns + axes,12,draw,,5534387,84669120,886302,95436,4552649,82.26112485447801,10964,0,25,0,0,
proper/only-D,Only diagonals,8,draw,,5538145,84773680,524216,38352,4975577,89.84194166097132,7264,0,23,0,0,
proper/only-KD,Only squares + diagonals,12,draw,,5534441,84668736,950566,99020,4484855,81.0353746656618,10944,0,19,0,0,
proper/only-CD,Only crowns + diagonals,12,draw,,5534507,84668336,997834,111918,4424755,79.94849405737494,10892,0,25,0,0,
proper/only-KCD,Only squares + crowns + diagonals,16,draw,,5530803,84563488,1553978,241118,3735707,67.54366409362257,14564,0,47,0,0,
proper/only-SD,Only axes + diagonals,12,draw,,5534453,84668408,842058,76698,4615697,83.39933503816908,10944,0,41,0,0,
proper/only-KSD,Only squares + axes + diagonals,16,draw,,5530749,84563560,1809488,336760,3384501,61.1942613920827,14608,0,39,0,0,
proper/only-CSD,Only crowns + axes + diagonals,16,draw,,5530815,84563160,3652110,1408948,469757,8.493449880352172,14564,0,76,0,0,
proper/add-four-crowns,Add the other four crowns,24,win,45,5523473,84353448,3285579,1064612,1173282,21.241744098323647,21816,0,60,23,5,0.3797058716697968
proper/add-boxes,Add adjacent radial pairs,28,win,87,5519835,84264360,3244321,1033551,1241963,22.500002264560443,25420,0,101,44,10,0.2818941099320356
proper/add-inner-arcs,Add four consecutive inner points,28,win,19,5519875,84237504,3715861,1477368,326646,5.917634004393215,25444,0,41,10,1,0.4108928571428571
proper/add-outer-arcs,Add four consecutive outer points,28,draw,,5519835,84259552,2722204,694102,2103529,38.10854853451235,25460,0,47,0,0,
proper/add-both-arcs,Add four consecutive points on either ring,36,win,19,5512599,84039544,3774281,1473446,264872,4.804847949215969,32620,0,43,10,1,0.39749999999999996
proper/add-opposite-pairs,Add any two opposite pairs,40,win,15,5508651,83927040,3746645,1613470,148536,2.6964133324111477,36244,0,37,8,0,0.591186683006536
proper/only-opposite-pairs,Only two opposite pairs,28,draw,,5519565,84242304,2373362,659406,2486797,45.054220758338744,25424,0,24,0,0,
proper/rotate-crowns,Rotate the four crowns by 45°,20,win,89,5527111,84458408,3181193,1016545,1329373,24.051860004259005,18220,0,108,45,10,0.31705918579757586
proper/only-boxes,Only adjacent radial pairs,8,draw,,5538145,84789744,494108,49042,4994995,90.19256447781703,7256,0,11,0,0,
proper/only-same-ring,Any four points on one ring,140,win,7,5418005,81364912,3800495,1547042,70468,1.3006263375541367,122480,0,17,4,3,0.28829365079365077
proper/legacy-targets,2024 targets with family movement,28,draw,,5519889,84264400,2270800,483768,2765321,50.09740232095247,25368,0,31,0,0,
proper/symmetric-only-C,Only crowns (8 crowns),8,draw,,5538145,84773776,655342,61744,4821059,87.0518738675134,7256,0,21,0,0,
proper/symmetric-only-KC,Only squares + crowns (8 crowns),12,draw,,5534441,84669024,919008,102344,4513089,81.54552555533613,10920,0,31,0,0,
proper/symmetric-only-CS,Only crowns + axes (8 crowns),12,draw,,5534453,84668696,1278176,167860,4088417,73.87210624067094,10920,0,37,0,0,
proper/symmetric-only-KCS,Only squares + crowns + axes (8 crowns),16,draw,,5530749,84564040,1640218,268134,3622397,65.49559562366689,14568,0,39,0,0,
proper/symmetric-only-CD,Only crowns + diagonals (8 crowns),16,draw,,5530869,84563184,1584978,247026,3698865,66.87674215390022,14504,0,31,0,0,
proper/symmetric-only-KCD,Only squares + crowns + diagonals (8 crowns),20,draw,,5527165,84458432,2658450,695846,2172869,39.31254087764704,18168,0,43,0,0,
proper/symmetric-only-CSD,Only crowns + axes + diagonals (8 crowns),20,draw,,5527177,84458104,2210564,462980,2853633,51.62912278727459,18168,0,42,0,0,
proper/drop-inner-even-square,Remove inner even square,19,draw,,5528037,84486074,2431804,558918,2537315,45.89902346890949,17314,0,45,0,0,
proper/drop-outer-even-square,Remove outer even square,19,win,45,5528037,84483030,3710807,1491688,325542,5.888925851979645,17314,0,69,23,2,0.5485200167610317
proper/drop-inner-odd-square,Remove inner odd square,19,draw,,5528037,84486122,2653314,687760,2186963,39.561294542710186,17310,0,67,0,0,
proper/drop-outer-odd-square,Remove outer odd square,19,draw,,5528037,84483078,3681253,1434822,411962,7.4522294261055055,17310,0,80,0,0,
proper/drop-inner-squares,Remove inner squares,18,draw,,5528963,84513800,1494384,206538,3828041,69.2361478997056,16400,0,33,0,0,
proper/drop-outer-squares,Remove outer squares,18,win,39,5528963,84507712,3764457,1531058,233448,4.222274592902864,16400,0,58,20,3,0.507233062989642
proper/drop-even-axes,Remove even axes,18,draw,,5528957,84510876,2546826,632092,2350039,42.50420106360024,16400,0,61,0,0,
proper/drop-odd-axes,Remove odd axes,18,draw,,5528957,84510972,2417650,570934,2540373,45.94669482869916,16392,0,55,0,0,
proper/drop-even-diagonals,Remove even diagonals,16,draw,,5530749,84563764,1583092,258451,3689206,66.70355136347717,14592,0,51,0,0,
proper/drop-odd-diagonals,Remove odd diagonals,16,draw,,5530749,84563764,1583092,258451,3689206,66.70355136347717,14592,0,51,0,0,
local-inner/original,Inner moves only to neighbors,20,draw,,5527101,57238776,1480816,307934,3738351,67.6367412138841,18220,16,25,0,0,
no-radial/original,Remove direct radial moves,20,draw,,5525155,73522948,2397818,579850,2547487,46.10706848948129,18220,0,43,0,0,
outer-ring/original,Allow outer-ring neighbor moves,20,draw,,5527375,95346552,1630174,254314,3642887,65.90627558289422,18220,0,35,0,0,
deploy/original,Deploy all your stones before moving them again,20,win,83,466757,6196620,274838,88004,103915,22.263190482413762,5040,0,101,42,7,0.33031808969447185
pass/original,Allow passing on any turn,20,draw,,5532250,90057964,2085666,422922,3023662,54.65519454109992,18238,0,45,0,0,
legacy/original,2024 movement with family targets,20,draw,,5525121,46320840,2171550,565766,2787805,50.456904020744524,18220,16,37,0,0,
legacy/legacy-targets,Full 2024 game,28,draw,,5517921,46227732,2313302,641460,2563159,46.451534916864524,25368,12,45,0,0,
